{"frames": {

"BossHealthBar.png":
{
	"frame": {"x":66,"y":0,"w":596,"h":24},
	"rotated": false,
	"trimmed": false,
	"spriteSourceSize": {"x":0,"y":0,"w":596,"h":24},
	"sourceSize": {"w":596,"h":24}
},
"BossHealthBarBG.png":
{
	"frame": {"x":0,"y":82,"w":612,"h":40},
	"rotated": false,
	"trimmed": false,
	"spriteSourceSize": {"x":0,"y":0,"w":612,"h":40},
	"sourceSize": {"w":612,"h":40}
},
"BossHealthBarMask.png":
{
	"frame": {"x":0,"y":24,"w":596,"h":24},
	"rotated": false,
	"trimmed": false,
	"spriteSourceSize": {"x":0,"y":0,"w":596,"h":24},
	"sourceSize": {"w":596,"h":24}
},
"BossType1.png":
{
	"frame": {"x":640,"y":290,"w":126,"h":122},
	"rotated": false,
	"trimmed": false,
	"spriteSourceSize": {"x":0,"y":0,"w":126,"h":122},
	"sourceSize": {"w":126,"h":122}
},
"BossType1Wings.png":
{
	"frame": {"x":132,"y":132,"w":242,"h":56},
	"rotated": false,
	"trimmed": false,
	"spriteSourceSize": {"x":0,"y":0,"w":242,"h":56},
	"sourceSize": {"w":242,"h":56}
},
"BottomArtwork.png":
{
	"frame": {"x":0,"y":290,"w":640,"h":106},
	"rotated": false,
	"trimmed": false,
	"spriteSourceSize": {"x":0,"y":0,"w":640,"h":106},
	"sourceSize": {"w":640,"h":106}
},
"BulletType1.png":
{
	"frame": {"x":944,"y":82,"w":38,"h":50},
	"rotated": false,
	"trimmed": false,
	"spriteSourceSize": {"x":0,"y":0,"w":38,"h":50},
	"sourceSize": {"w":38,"h":50}
},
"BulletType1Upgraded.png":
{
	"frame": {"x":474,"y":132,"w":56,"h":64},
	"rotated": false,
	"trimmed": false,
	"spriteSourceSize": {"x":0,"y":0,"w":56,"h":64},
	"sourceSize": {"w":56,"h":64}
},
"BulletType2.png":
{
	"frame": {"x":374,"y":132,"w":38,"h":60},
	"rotated": false,
	"trimmed": false,
	"spriteSourceSize": {"x":0,"y":0,"w":38,"h":60},
	"sourceSize": {"w":38,"h":60}
},
"BulletType2Propulsory.png":
{
	"frame": {"x":0,"y":0,"w":10,"h":18},
	"rotated": false,
	"trimmed": false,
	"spriteSourceSize": {"x":0,"y":0,"w":10,"h":18},
	"sourceSize": {"w":10,"h":18}
},
"BulletType2Upgraded.png":
{
	"frame": {"x":530,"y":132,"w":40,"h":66},
	"rotated": false,
	"trimmed": false,
	"spriteSourceSize": {"x":0,"y":0,"w":40,"h":66},
	"sourceSize": {"w":40,"h":66}
},
"BulletType3.png":
{
	"frame": {"x":888,"y":290,"w":38,"h":920},
	"rotated": false,
	"trimmed": false,
	"spriteSourceSize": {"x":0,"y":0,"w":38,"h":920},
	"sourceSize": {"w":38,"h":920}
},
"BulletType3Upgraded.png":
{
	"frame": {"x":926,"y":290,"w":38,"h":920},
	"rotated": false,
	"trimmed": false,
	"spriteSourceSize": {"x":0,"y":0,"w":38,"h":920},
	"sourceSize": {"w":38,"h":920}
},
"CollectibleStar.png":
{
	"frame": {"x":134,"y":52,"w":30,"h":28},
	"rotated": false,
	"trimmed": false,
	"spriteSourceSize": {"x":0,"y":0,"w":30,"h":28},
	"sourceSize": {"w":30,"h":28}
},
"EnemyBulletType1.png":
{
	"frame": {"x":894,"y":82,"w":50,"h":50},
	"rotated": false,
	"trimmed": false,
	"spriteSourceSize": {"x":0,"y":0,"w":50,"h":50},
	"sourceSize": {"w":50,"h":50}
},
"EnemyBulletType2.png":
{
	"frame": {"x":844,"y":82,"w":50,"h":50},
	"rotated": false,
	"trimmed": false,
	"spriteSourceSize": {"x":0,"y":0,"w":50,"h":50},
	"sourceSize": {"w":50,"h":50}
},
"EnemyBulletType3.png":
{
	"frame": {"x":766,"y":290,"w":34,"h":140},
	"rotated": false,
	"trimmed": false,
	"spriteSourceSize": {"x":0,"y":0,"w":34,"h":140},
	"sourceSize": {"w":34,"h":140}
},
"EnemyBulletType3Origin.png":
{
	"frame": {"x":664,"y":82,"w":44,"h":44},
	"rotated": false,
	"trimmed": false,
	"spriteSourceSize": {"x":0,"y":0,"w":44,"h":44},
	"sourceSize": {"w":44,"h":44}
},
"EnemyBulletType4.png":
{
	"frame": {"x":612,"y":82,"w":52,"h":44},
	"rotated": false,
	"trimmed": false,
	"spriteSourceSize": {"x":0,"y":0,"w":52,"h":44},
	"sourceSize": {"w":52,"h":44}
},
"EnemyType1.png":
{
	"frame": {"x":708,"y":82,"w":50,"h":46},
	"rotated": false,
	"trimmed": false,
	"spriteSourceSize": {"x":0,"y":0,"w":50,"h":46},
	"sourceSize": {"w":50,"h":46}
},
"EnemyType2.png":
{
	"frame": {"x":412,"y":132,"w":62,"h":62},
	"rotated": false,
	"trimmed": false,
	"spriteSourceSize": {"x":0,"y":0,"w":62,"h":62},
	"sourceSize": {"w":62,"h":62}
},
"EnemyType3.png":
{
	"frame": {"x":50,"y":132,"w":82,"h":54},
	"rotated": false,
	"trimmed": false,
	"spriteSourceSize": {"x":0,"y":0,"w":82,"h":54},
	"sourceSize": {"w":82,"h":54}
},
"EnemyType4.png":
{
	"frame": {"x":758,"y":82,"w":86,"h":48},
	"rotated": false,
	"trimmed": false,
	"spriteSourceSize": {"x":0,"y":0,"w":86,"h":48},
	"sourceSize": {"w":86,"h":48}
},
"EnemyType4Base.png":
{
	"frame": {"x":798,"y":132,"w":68,"h":68},
	"rotated": false,
	"trimmed": false,
	"spriteSourceSize": {"x":0,"y":0,"w":68,"h":68},
	"sourceSize": {"w":68,"h":68}
},
"Explode.png":
{
	"frame": {"x":744,"y":52,"w":30,"h":30},
	"rotated": false,
	"trimmed": false,
	"spriteSourceSize": {"x":0,"y":0,"w":30,"h":30},
	"sourceSize": {"w":30,"h":30}
},
"PlayerHealthBar.png":
{
	"frame": {"x":824,"y":290,"w":24,"h":242},
	"rotated": false,
	"trimmed": false,
	"spriteSourceSize": {"x":0,"y":0,"w":24,"h":242},
	"sourceSize": {"w":24,"h":242}
},
"PlayerHealthBarBG.png":
{
	"frame": {"x":848,"y":290,"w":40,"h":258},
	"rotated": false,
	"trimmed": false,
	"spriteSourceSize": {"x":0,"y":0,"w":40,"h":258},
	"sourceSize": {"w":40,"h":258}
},
"PlayerHealthBarMask.png":
{
	"frame": {"x":800,"y":290,"w":24,"h":242},
	"rotated": false,
	"trimmed": false,
	"spriteSourceSize": {"x":0,"y":0,"w":24,"h":242},
	"sourceSize": {"w":24,"h":242}
},
"Propul-1-1.png":
{
	"frame": {"x":52,"y":0,"w":14,"h":22},
	"rotated": false,
	"trimmed": false,
	"spriteSourceSize": {"x":0,"y":0,"w":14,"h":22},
	"sourceSize": {"w":14,"h":22}
},
"Propul-1-2.png":
{
	"frame": {"x":38,"y":0,"w":14,"h":22},
	"rotated": false,
	"trimmed": false,
	"spriteSourceSize": {"x":0,"y":0,"w":14,"h":22},
	"sourceSize": {"w":14,"h":22}
},
"Propul-1-3.png":
{
	"frame": {"x":24,"y":0,"w":14,"h":22},
	"rotated": false,
	"trimmed": false,
	"spriteSourceSize": {"x":0,"y":0,"w":14,"h":22},
	"sourceSize": {"w":14,"h":22}
},
"Propul-1-4.png":
{
	"frame": {"x":10,"y":0,"w":14,"h":22},
	"rotated": false,
	"trimmed": false,
	"spriteSourceSize": {"x":0,"y":0,"w":14,"h":22},
	"sourceSize": {"w":14,"h":22}
},
"Propul-2D-1.png":
{
	"frame": {"x":638,"y":24,"w":42,"h":28},
	"rotated": false,
	"trimmed": false,
	"spriteSourceSize": {"x":0,"y":0,"w":42,"h":28},
	"sourceSize": {"w":42,"h":28}
},
"Propul-2D-2.png":
{
	"frame": {"x":596,"y":24,"w":42,"h":28},
	"rotated": false,
	"trimmed": false,
	"spriteSourceSize": {"x":0,"y":0,"w":42,"h":28},
	"sourceSize": {"w":42,"h":28}
},
"Propul-2D-3.png":
{
	"frame": {"x":772,"y":24,"w":42,"h":28},
	"rotated": false,
	"trimmed": false,
	"spriteSourceSize": {"x":0,"y":0,"w":42,"h":28},
	"sourceSize": {"w":42,"h":28}
},
"Propul-2D-4.png":
{
	"frame": {"x":0,"y":52,"w":42,"h":28},
	"rotated": false,
	"trimmed": false,
	"spriteSourceSize": {"x":0,"y":0,"w":42,"h":28},
	"sourceSize": {"w":42,"h":28}
},
"Propul-2L-1.png":
{
	"frame": {"x":952,"y":24,"w":46,"h":28},
	"rotated": false,
	"trimmed": false,
	"spriteSourceSize": {"x":0,"y":0,"w":46,"h":28},
	"sourceSize": {"w":46,"h":28}
},
"Propul-2L-2.png":
{
	"frame": {"x":42,"y":52,"w":46,"h":28},
	"rotated": false,
	"trimmed": false,
	"spriteSourceSize": {"x":0,"y":0,"w":46,"h":28},
	"sourceSize": {"w":46,"h":28}
},
"Propul-2L-3.png":
{
	"frame": {"x":88,"y":52,"w":46,"h":28},
	"rotated": false,
	"trimmed": false,
	"spriteSourceSize": {"x":0,"y":0,"w":46,"h":28},
	"sourceSize": {"w":46,"h":28}
},
"Propul-2L-4.png":
{
	"frame": {"x":906,"y":24,"w":46,"h":28},
	"rotated": false,
	"trimmed": false,
	"spriteSourceSize": {"x":0,"y":0,"w":46,"h":28},
	"sourceSize": {"w":46,"h":28}
},
"Propul-2R-1.png":
{
	"frame": {"x":814,"y":24,"w":46,"h":28},
	"rotated": false,
	"trimmed": false,
	"spriteSourceSize": {"x":0,"y":0,"w":46,"h":28},
	"sourceSize": {"w":46,"h":28}
},
"Propul-2R-2.png":
{
	"frame": {"x":860,"y":24,"w":46,"h":28},
	"rotated": false,
	"trimmed": false,
	"spriteSourceSize": {"x":0,"y":0,"w":46,"h":28},
	"sourceSize": {"w":46,"h":28}
},
"Propul-2R-3.png":
{
	"frame": {"x":726,"y":24,"w":46,"h":28},
	"rotated": false,
	"trimmed": false,
	"spriteSourceSize": {"x":0,"y":0,"w":46,"h":28},
	"sourceSize": {"w":46,"h":28}
},
"Propul-2R-4.png":
{
	"frame": {"x":680,"y":24,"w":46,"h":28},
	"rotated": false,
	"trimmed": false,
	"spriteSourceSize": {"x":0,"y":0,"w":46,"h":28},
	"sourceSize": {"w":46,"h":28}
},
"Propul-3D-1.png":
{
	"frame": {"x":338,"y":52,"w":58,"h":30},
	"rotated": false,
	"trimmed": false,
	"spriteSourceSize": {"x":0,"y":0,"w":58,"h":30},
	"sourceSize": {"w":58,"h":30}
},
"Propul-3D-2.png":
{
	"frame": {"x":396,"y":52,"w":58,"h":30},
	"rotated": false,
	"trimmed": false,
	"spriteSourceSize": {"x":0,"y":0,"w":58,"h":30},
	"sourceSize": {"w":58,"h":30}
},
"Propul-3D-3.png":
{
	"frame": {"x":280,"y":52,"w":58,"h":30},
	"rotated": false,
	"trimmed": false,
	"spriteSourceSize": {"x":0,"y":0,"w":58,"h":30},
	"sourceSize": {"w":58,"h":30}
},
"Propul-3D-4.png":
{
	"frame": {"x":512,"y":52,"w":58,"h":30},
	"rotated": false,
	"trimmed": false,
	"spriteSourceSize": {"x":0,"y":0,"w":58,"h":30},
	"sourceSize": {"w":58,"h":30}
},
"Propul-3L-1.png":
{
	"frame": {"x":164,"y":52,"w":58,"h":30},
	"rotated": false,
	"trimmed": false,
	"spriteSourceSize": {"x":0,"y":0,"w":58,"h":30},
	"sourceSize": {"w":58,"h":30}
},
"Propul-3L-2.png":
{
	"frame": {"x":222,"y":52,"w":58,"h":30},
	"rotated": false,
	"trimmed": false,
	"spriteSourceSize": {"x":0,"y":0,"w":58,"h":30},
	"sourceSize": {"w":58,"h":30}
},
"Propul-3L-3.png":
{
	"frame": {"x":454,"y":52,"w":58,"h":30},
	"rotated": false,
	"trimmed": false,
	"spriteSourceSize": {"x":0,"y":0,"w":58,"h":30},
	"sourceSize": {"w":58,"h":30}
},
"Propul-3L-4.png":
{
	"frame": {"x":774,"y":52,"w":58,"h":30},
	"rotated": false,
	"trimmed": false,
	"spriteSourceSize": {"x":0,"y":0,"w":58,"h":30},
	"sourceSize": {"w":58,"h":30}
},
"Propul-3R-1.png":
{
	"frame": {"x":832,"y":52,"w":58,"h":30},
	"rotated": false,
	"trimmed": false,
	"spriteSourceSize": {"x":0,"y":0,"w":58,"h":30},
	"sourceSize": {"w":58,"h":30}
},
"Propul-3R-2.png":
{
	"frame": {"x":628,"y":52,"w":58,"h":30},
	"rotated": false,
	"trimmed": false,
	"spriteSourceSize": {"x":0,"y":0,"w":58,"h":30},
	"sourceSize": {"w":58,"h":30}
},
"Propul-3R-3.png":
{
	"frame": {"x":686,"y":52,"w":58,"h":30},
	"rotated": false,
	"trimmed": false,
	"spriteSourceSize": {"x":0,"y":0,"w":58,"h":30},
	"sourceSize": {"w":58,"h":30}
},
"Propul-3R-4.png":
{
	"frame": {"x":570,"y":52,"w":58,"h":30},
	"rotated": false,
	"trimmed": false,
	"spriteSourceSize": {"x":0,"y":0,"w":58,"h":30},
	"sourceSize": {"w":58,"h":30}
},
"Shield.png":
{
	"frame": {"x":922,"y":200,"w":90,"h":90},
	"rotated": false,
	"trimmed": false,
	"spriteSourceSize": {"x":0,"y":0,"w":90,"h":90},
	"sourceSize": {"w":90,"h":90}
},
"ShipType3Support.png":
{
	"frame": {"x":0,"y":132,"w":50,"h":50},
	"rotated": false,
	"trimmed": false,
	"spriteSourceSize": {"x":0,"y":0,"w":50,"h":50},
	"sourceSize": {"w":50,"h":50}
},
"Spaceship1-Partner.png":
{
	"frame": {"x":610,"y":200,"w":78,"h":78},
	"rotated": false,
	"trimmed": false,
	"spriteSourceSize": {"x":0,"y":0,"w":78,"h":78},
	"sourceSize": {"w":78,"h":78}
},
"Spaceship1-Player.png":
{
	"frame": {"x":532,"y":200,"w":78,"h":78},
	"rotated": false,
	"trimmed": false,
	"spriteSourceSize": {"x":0,"y":0,"w":78,"h":78},
	"sourceSize": {"w":78,"h":78}
},
"Spaceship1Left-Partner.png":
{
	"frame": {"x":844,"y":200,"w":78,"h":78},
	"rotated": false,
	"trimmed": false,
	"spriteSourceSize": {"x":0,"y":0,"w":78,"h":78},
	"sourceSize": {"w":78,"h":78}
},
"Spaceship1Left-Player.png":
{
	"frame": {"x":688,"y":200,"w":78,"h":78},
	"rotated": false,
	"trimmed": false,
	"spriteSourceSize": {"x":0,"y":0,"w":78,"h":78},
	"sourceSize": {"w":78,"h":78}
},
"Spaceship1Right-Partner.png":
{
	"frame": {"x":766,"y":200,"w":78,"h":78},
	"rotated": false,
	"trimmed": false,
	"spriteSourceSize": {"x":0,"y":0,"w":78,"h":78},
	"sourceSize": {"w":78,"h":78}
},
"Spaceship1Right-Player.png":
{
	"frame": {"x":454,"y":200,"w":78,"h":78},
	"rotated": false,
	"trimmed": false,
	"spriteSourceSize": {"x":0,"y":0,"w":78,"h":78},
	"sourceSize": {"w":78,"h":78}
},
"Spaceship2-Partner.png":
{
	"frame": {"x":866,"y":132,"w":82,"h":68},
	"rotated": false,
	"trimmed": false,
	"spriteSourceSize": {"x":0,"y":0,"w":82,"h":68},
	"sourceSize": {"w":82,"h":68}
},
"Spaceship2-Player.png":
{
	"frame": {"x":0,"y":200,"w":82,"h":68},
	"rotated": false,
	"trimmed": false,
	"spriteSourceSize": {"x":0,"y":0,"w":82,"h":68},
	"sourceSize": {"w":82,"h":68}
},
"Spaceship2Left-Partner.png":
{
	"frame": {"x":722,"y":132,"w":76,"h":68},
	"rotated": false,
	"trimmed": false,
	"spriteSourceSize": {"x":0,"y":0,"w":76,"h":68},
	"sourceSize": {"w":76,"h":68}
},
"Spaceship2Left-Player.png":
{
	"frame": {"x":570,"y":132,"w":76,"h":68},
	"rotated": false,
	"trimmed": false,
	"spriteSourceSize": {"x":0,"y":0,"w":76,"h":68},
	"sourceSize": {"w":76,"h":68}
},
"Spaceship2Right-Partner.png":
{
	"frame": {"x":646,"y":132,"w":76,"h":68},
	"rotated": false,
	"trimmed": false,
	"spriteSourceSize": {"x":0,"y":0,"w":76,"h":68},
	"sourceSize": {"w":76,"h":68}
},
"Spaceship2Right-Player.png":
{
	"frame": {"x":948,"y":132,"w":76,"h":68},
	"rotated": false,
	"trimmed": false,
	"spriteSourceSize": {"x":0,"y":0,"w":76,"h":68},
	"sourceSize": {"w":76,"h":68}
},
"Spaceship3-Partner.png":
{
	"frame": {"x":206,"y":200,"w":62,"h":74},
	"rotated": false,
	"trimmed": false,
	"spriteSourceSize": {"x":0,"y":0,"w":62,"h":74},
	"sourceSize": {"w":62,"h":74}
},
"Spaceship3-Player.png":
{
	"frame": {"x":144,"y":200,"w":62,"h":74},
	"rotated": false,
	"trimmed": false,
	"spriteSourceSize": {"x":0,"y":0,"w":62,"h":74},
	"sourceSize": {"w":62,"h":74}
},
"Spaceship3Left-Partner.png":
{
	"frame": {"x":330,"y":200,"w":62,"h":74},
	"rotated": false,
	"trimmed": false,
	"spriteSourceSize": {"x":0,"y":0,"w":62,"h":74},
	"sourceSize": {"w":62,"h":74}
},
"Spaceship3Left-Player.png":
{
	"frame": {"x":392,"y":200,"w":62,"h":74},
	"rotated": false,
	"trimmed": false,
	"spriteSourceSize": {"x":0,"y":0,"w":62,"h":74},
	"sourceSize": {"w":62,"h":74}
},
"Spaceship3Right-Partner.png":
{
	"frame": {"x":268,"y":200,"w":62,"h":74},
	"rotated": false,
	"trimmed": false,
	"spriteSourceSize": {"x":0,"y":0,"w":62,"h":74},
	"sourceSize": {"w":62,"h":74}
},
"Spaceship3Right-Player.png":
{
	"frame": {"x":82,"y":200,"w":62,"h":74},
	"rotated": false,
	"trimmed": false,
	"spriteSourceSize": {"x":0,"y":0,"w":62,"h":74},
	"sourceSize": {"w":62,"h":74}
}},
"meta": {
	"app": "http://www.codeandweb.com/texturepacker",
	"version": "1.0",
	"image": "assets.png",
	"format": "RGBA8888",
	"size": {"w":1024,"h":1210},
	"scale": "1",
	"smartupdate": "$TexturePacker:SmartUpdate:b43ce741bd0eb6a181dc39984615f910:5f600a4f5015b876a25e82ad174198e4:a759b6bbc8381ac9c472b28f589ad0d6$"
}
}
